{
  "version": 1,
  "author": "Ahmad Badar Mahri",
  "editor": "wokwi",
  "parts": [
    { "type": "wokwi-arduino-mega", "id": "mega", "top": 0, "left": 0, "attrs": {} },
    {
      "type": "wokwi-tm1637-7segment",
      "id": "sevseg1",
      "top": 245.6,
      "left": -115.57,
      "attrs": { "color": "red" }
    },
    {
      "type": "wokwi-lcd2004",
      "id": "lcd1",
      "top": -286.95,
      "left": 38.6,
      "attrs": { "pins": "i2c" }
    },
    {
      "type": "wokwi-membrane-keypad",
      "id": "keypad1",
      "top": -334.33,
      "left": 633.95,
      "attrs": {}
    },
    { "type": "wokwi-potentiometer", "id": "pot1", "top": 257.58, "left": 197.5, "attrs": {} },
    { "type": "wokwi-servo", "id": "servo1", "top": -123.85, "left": 437.36, "attrs": {} },
    { "type": "board-ssd1306", "id": "oled1", "top": 388.9, "left": 288.33, "attrs": {} },
    {
      "type": "wokwi-led",
      "id": "led1",
      "top": 216.32,
      "left": 352.69,
      "attrs": { "color": "red" }
    },
    {
      "type": "wokwi-led",
      "id": "led2",
      "top": 213.27,
      "left": 395.74,
      "attrs": { "color": "yellow" }
    },
    {
      "type": "wokwi-led",
      "id": "led3",
      "top": 214.2,
      "left": 442.94,
      "attrs": { "color": "limegreen" }
    },
    {
      "type": "wokwi-buzzer",
      "id": "bz1",
      "top": 208.07,
      "left": 491.77,
      "attrs": { "volume": "0.1" }
    }
  ],
  "connections": [
    [ "mega:23", "keypad1:R1", "green", [ "v-0.34", "h137.05" ] ],
    [ "mega:25", "keypad1:R2", "green", [ "v-2.05", "h149.11" ] ],
    [ "mega:27", "keypad1:R3", "green", [ "v-3.51", "h157.82" ] ],
    [ "mega:29", "keypad1:R4", "green", [ "v-5.64", "h166.52" ] ],
    [ "mega:31", "keypad1:C1", "green", [ "v-8.03", "h176.57" ] ],
    [ "mega:33", "keypad1:C2", "green", [ "v-6.81", "h187.96" ] ],
    [ "mega:35", "keypad1:C3", "green", [ "v-6.93", "h198.01" ] ],
    [ "mega:37", "keypad1:C4", "green", [ "v-8.39", "h210.06" ] ],
    [ "lcd1:GND", "mega:GND.1", "black", [ "h-41.21", "v243.44", "h129.59" ] ],
    [ "lcd1:VCC", "mega:5V.1", "red", [ "h-29.86", "v210.29", "h360.39" ] ],
    [ "lcd1:SDA", "mega:20", "green", [ "h-22.29", "v182.82", "h315.93" ] ],
    [ "lcd1:SCL", "mega:21", "green", [ "h-12.83", "v158.18", "h322.55" ] ],
    [ "pot1:GND", "mega:GND.3", "black", [ "v31.24", "h-32.11" ] ],
    [ "pot1:VCC", "mega:3.3V", "red", [ "v37.16", "h-89.05" ] ],
    [ "pot1:SIG", "mega:A0", "green", [ "v13.45", "h-43.48", "v-129.03", "h13.22" ] ],
    [ "sevseg1:GND", "mega:GND.2", "black", [ "h0" ] ],
    [ "sevseg1:VCC", "mega:5V", "red", [ "h104.22", "v-21.03" ] ],
    [
      "sevseg1:CLK",
      "mega:7",
      "green",
      [ "h14.09", "v-36.82", "h-101.59", "v-257.29", "h222.32" ]
    ],
    [
      "sevseg1:DIO",
      "mega:6",
      "green",
      [ "h23.25", "v-63.91", "h-100.75", "v-249.8", "h217.33" ]
    ],
    [ "servo1:GND", "mega:GND.5", "black", [ "h-25.11", "v242.08" ] ],
    [ "servo1:PWM", "mega:5", "green", [ "h-45.66", "v40.88", "h-182.89" ] ],
    [ "mega:5V.2", "servo1:V+", "red", [ "v0" ] ],
    [ "bz1:2", "mega:47", "green", [ "v0.23", "h39.47", "v-124.65" ] ],
    [ "mega:GND.4", "led1:C", "black", [ "v124.24", "h5.09" ] ],
    [ "led1:C", "led2:C", "green", [ "v36.08", "h47.19" ] ],
    [ "led2:C", "led3:C", "green", [ "v39.68", "h27.45" ] ],
    [ "led1:A", "mega:53", "green", [ "v22.53", "h20.38", "v-5.96" ] ],
    [ "led2:A", "mega:51", "green", [ "v22.33", "h16.36", "v-93.24" ] ],
    [ "led3:A", "mega:49", "green", [ "v18.69", "h7.65", "v-131.19" ] ],
    [ "bz1:1", "led3:C", "green", [ "v1.79", "h-51.85" ] ],
    [ "oled1:GND", "mega:GND.2", "black", [ "v-21.44", "h-152.25" ] ],
    [ "oled1:VCC", "mega:5V", "red", [ "h-172.06", "v-210.86" ] ],
    [ "oled1:SCL", "mega:21", "green", [ "v0" ] ],
    [ "oled1:SDA", "mega:20", "green", [ "v0" ] ]
  ],
  "dependencies": {}
}